X,Y
-2.50919762305275,-6.124234260240517
9.014286128198322,289.7100611853901
4.639878836228101,64.96945984945256
1.973169683940732,4.17254770318085
-6.87962719115127,143.45426080547762
-6.880109593275947,157.64502892330395
-8.83832775663601,235.51418527300078
7.323522915498703,186.18810071302488
2.0223002348641756,27.26123860617631
4.161451555920909,73.81009585647456
-9.588310114083951,269.2197382012335
9.398197043239886,291.58663131686234
6.648852816008436,151.96144797836556
-5.753217786434477,92.16617784257387
-6.363500655857988,106.21577459093237
-6.331909802931324,109.808674882843
-3.9151551408092455,26.225440906242834
0.49512863264475726,5.742318085936017
-1.3610996271576852,-2.050333740678175
-4.175417196039161,37.915598718702554
2.23705789444759,26.28634136976082
-7.210122786959163,160.45738909861097
-4.157107029295637,57.713568560489435
-2.672763134126166,5.380456008947673
-0.8786003156592805,-4.337666452992174
5.703519227860273,123.40514508331822
-6.006524356832806,91.39708189862854
0.28468876827223255,3.5661891209153014
1.8482913772408498,24.445646790275852
-9.070991745600045,224.02324570639604
2.1508970380287664,24.23462334211989
-6.58951752625417,108.74593368474224
-8.69896814029441,208.6045273974706
8.977710745066666,267.95111149781513
9.312640661491187,267.87117225784266
6.167946962329221,135.87135049458124
-3.9077246165325867,42.79910781363227
-8.046557719872322,188.6730575221374
3.6846605302431374,55.33863207052781
-1.196950125207973,20.54557285602864
-7.5592353031044235,162.55988952337088
-0.09646179777459629,0.5409356284879987
-9.312229577695632,247.75137499805967
8.186408041575643,227.85762624303823
-4.824400367999662,65.66431669952354
3.2504456870796403,43.602999780162015
-3.7657784782117805,32.991788806397985
0.40136042355621626,-0.34301775960537295
0.934205586865593,-4.539421308673088
-6.302910889489459,129.07000269542488
9.391692555291172,275.95641991600434
5.502656467222291,99.91394554527541
8.789978831283783,247.1870685701266
7.896547008552975,216.8087017614112
1.9579995762217024,17.467789390976225
8.437484700462335,247.92583433926993
-8.23014995896161,185.01089888062546
-6.080342751617096,106.54096005043148
-9.09545422178924,226.63748352581507
-3.4933933847347127,56.07609652978921
-2.2264542062103594,3.5424023943395575
-4.573019364522082,61.689686698107955
6.574750183038589,154.169289083496
-2.864933466128214,28.031655338282825
-4.381309806252385,51.97213065380807
0.8539216631649698,7.597182949462962
-7.181515500504747,145.79757837075144
6.043939615080795,125.20547742610566
-8.508987126404584,214.8294026670968
9.737738732010346,331.05137431861755
5.4448953859331475,99.25553021305619
-6.025686369316552,88.177286129678
-9.889557657527952,277.7481161861408
6.309228569096682,162.83464592605387
4.137146876952343,56.58550091863695
4.580143360819747,93.48459439306379
5.425406933718914,120.93294319753805
-8.519106965318192,200.15145411188252
-2.8306854291145473,29.066799929427887
-7.682618809497406,182.98662392842056
7.262068517511871,173.94577708426007
2.4659625365511584,26.13903516710017
-3.3820395029470163,26.733685453101835
-8.728832994279527,205.97234303058093
-3.780353565686756,33.81973666276813
-3.496333559465059,22.440975290572148
4.5921235667612805,77.78787837332786
2.751149427104263,25.50903605439045
7.744254851526531,202.7468184371372
-0.5557014967610137,-10.743946995051008
-7.608115081233966,166.7428174275758
4.264895744459899,76.43308823834552
5.215700972337949,77.10465541750241
1.2255439513899251,15.697527531620866
5.419343599091221,116.22323225794833
-0.12408807271218514,-7.298392782968151
0.4546565876398816,23.25517488170982
-1.4491796328290079,12.59219565262169
-9.491617465118097,249.23905282458435
-7.842171460133911,173.25692593357164
-9.371416286265315,255.310766184123
2.7282082252756084,33.54583072605978
-3.712880378473466,44.31824128207656
0.1714138232940563,-3.775760187756692
8.151329478521859,222.32878399966285
-5.014155417022501,56.25980783507346
-1.7923415392874062,9.940520888303631
5.1110227708609735,84.55063041985221
-5.424036690167551,75.0571492426185
-8.46040180342414,215.17532417140342
-4.204970941724639,60.5485011847392
-6.775574254919912,135.2654521510325
8.59395304685146,232.83286536143964
6.162407591288339,128.0865326491331
2.6680751302084698,43.82300196151961
7.429211803754356,186.85515681903692
6.073441537982291,151.0002548216476
-6.268598822279284,114.28197433342883
7.851179969799556,207.54593185904474
0.786844838313014,5.339899433340513
6.148803103281249,132.0563540631487
7.921825998469863,207.5849350832334
-3.6399305005627225,44.54850791254083
-7.798961509446465,181.44050202653534
-5.441296749161166,75.0806428338938
-1.4578442274748742,-4.852088615782092
6.360295318449861,120.7186065195524
7.214611665126867,180.66100103513315
-9.860957389376185,265.9598610647873
0.21494605155131552,-15.960408411189695
-1.6517799370244202,13.767357052329992
-5.557843790585395,111.48319039480299
-7.6026926533263435,163.13671232077544
-3.247696571927441,38.53211367058929
8.858194078250385,258.937488725827
-3.5359413595848954,34.447864644188016
0.3758124348673224,15.366094658215047
4.060379177903556,59.67805011897887
-2.7274079524141204,24.535369652566143
9.435641654419214,294.1822616626315
9.248945898842223,273.4459879803851
-4.964354083492717,78.92614972725224
-0.0550298821522901,3.1494275325304186
-3.982433803664607,37.057017799453995
-4.303190112450648,57.311053642481795
-9.262261052909345,234.85923751299492
2.191286679597937,24.06959686943721
0.0535804645772302,5.02458356126536
-8.970424975000213,239.3236784046381
-4.427070715267771,59.68970625220847
8.165317719333075,221.09760622417878
-5.208762186660552,84.15374917023621
-7.102102558175538,156.0174526143526
-0.21094479444873926,10.289706593536206
9.713009082212015,307.55718065625706
-5.158894569769991,61.40642808296532
3.442710948117572,36.791061282347194
5.232392306574351,94.5463253192974
-5.247249120152007,71.01124972491118
4.5643269722371915,74.7581830430957
-2.644337345614936,21.255384549982736
2.646116611871589,36.59496013817882
2.6705942152178945,31.032421036910723
0.71549368149517,12.831797426030896
-8.194204598911835,190.69130197676114
6.70604991178476,133.57075041807596
-3.5843987005652833,26.98159079452416
-6.269629792002915,108.94463804508955
-9.184497168904722,227.59902297063599
1.8178588637648367,24.548837573196867
3.551287236845649,65.24500591287669
-9.668243421442877,278.2759242429078
0.24186116598562002,3.5247840935049313
-5.470084496041241,98.73256555790931
2.9034558081889976,37.58375307871839
-6.512671419900171,115.84846451977279
3.81875476204932,50.252146686712315
-2.265293073989252,12.839375120331235
8.73459977473469,247.467131038443
-7.249581117080135,149.87427910896918
-3.17867297899483,30.560279574684586
-7.730529575188219,168.85266358973692
8.493872365571256,242.79472971645117
7.5467870676196185,202.8620220150748
-4.841167445696888,75.12391317484544
3.19968092068358,27.264256139427687
6.344444004024318,112.90558581962947
1.104016231989247,20.207787097858436
0.5930115671201293,-6.427775693699138
-5.162954181990966,72.39472527310525
-8.137944643882015,175.70140953230631
7.944315159066534,192.20525598205586
8.008361143266608,218.83289417152847
2.6620291454653593,39.17480740787828
-3.219404179025986,23.889777438470784
-3.015808507746782,0.3432629292509546
4.519113577404788,69.84294524873765
7.942205199051543,214.03832072365262
7.741728485302346,185.49742110328867
5.597510917152476,112.02500643501999
2.8406329230857548,34.73575356559771
-8.317200700099024,201.68599605299593
-6.767425718107725,130.05510479824363
7.971083770541586,201.82600756324203
2.128581193191799,34.81545109105798
-9.816058967667407,272.8476273045667
-7.9705691426793575,179.37573369423902
3.2700353821611152,34.28678537534704
-9.898768323075625,274.7264837837099
-6.783838971650027,120.64570849626404
0.9746757873317229,8.069869646661358
3.837903953853864,73.98141298615253
3.0392251900520115,25.07010821833052
-5.514613810788804,69.06805484608283
4.243584426950717,82.22289849481345
-5.255018250063999,75.24237715387041
-3.4920060368146455,27.90757902322133
4.929828102360483,98.1683184351512
2.992657980944294,31.79716593724868
6.984468209883559,183.57742207985862
3.152257846006867,47.893962988541986
1.3661720667094315,8.452508399533194
-8.12650464343815,208.44030600524417
-2.645683938811329,14.650413404596641
-4.695952646365491,69.18496219808327
-5.1202071324183285,76.40207477583084
9.460211095048912,305.4246169727454
-2.138045506664792,30.052736719647463
7.8409311035422675,205.4425054092319
2.622772519945258,23.348173410568677
5.896226070832968,125.68861920616826
0.0527418621038418,-1.663324861258836
1.5380776925271817,35.307076825069814
-0.14964612362272156,6.133242950527852
-6.09514024403911,100.60870778231612
4.4490423052301065,75.12681997029097
-4.384552751182884,40.43254008605346
-9.513680671370924,247.78685802260182
2.9094459181433567,48.21765756753409
-6.457786411859021,110.62450041014102
8.809171687058285,244.95375098350507
9.078571540051747,275.78505422888907
8.29728780440897,239.98657188302937
-2.5968259948911125,27.226396860095093
-9.690867669422651,277.31749007799647
8.566371251754507,234.71294088647264
-1.4363170336537134,-5.901720871234456
9.333096380873393,299.9995934453177
9.272399541785056,278.2501804826359
7.060189109347203,166.1508588333785
-4.111022158608286,60.761406666979
-2.298045427961495,21.809247605007798
7.022733430337137,171.5606990822148
-3.661559896874447,59.547966290459584
-6.61014506627815,116.42658095536639
1.1360252491670035,20.422111879381234
8.72309548321562,251.2935066432923
3.9205959334994596,61.64033207694898
1.4012234017872984,28.97741213284902
-8.05647012458463,188.68554991870099
2.3001445339833957,30.855244490104198
9.801077002085265,323.5105585796826
-7.19831969526952,142.40125261994734
0.3665930472747352,-2.255739191910065
7.5474614385591074,180.53935343651804
4.815372355084088,64.53061157073239
3.9403148199053604,80.02094357911139
4.049681679742186,51.26704482398602
-2.8101769756048967,20.85839371559214
-4.128163114710133,45.10073287665032
6.187223109570272,135.29370262003283
6.202267893583617,140.96628898389469
7.341446371602075,189.9781321081294
8.264811051129428,220.6201528491828
0.22684797721875682,3.9368588308781236
0.030325893743992083,7.889210271865097
5.965903579335503,121.22091245062003
2.999278615555303,54.05902963249254
4.039337545154067,66.93716801776452
5.91585338872202,129.17244858850364
7.8001068363513255,209.7540263348608
-3.240096862969284,41.749227893184866
-2.48834094720112,20.409055701188137
-8.12036120318262,173.61175632453674
1.5656028199234804,19.481421726630437
-9.281154524065158,238.3436099126769
-0.6880396373507978,-0.24205046450171164
0.8528926941515316,14.75170341906517
-4.269174957434312,63.522045251020515
1.816665211380215,18.74686366083841
-9.389995001219011,253.82435849230572
-9.253036225015713,260.3721151406801
6.452011213193167,145.19690030678308
-2.7961871717747417,48.880444897047354
-7.458789746962305,162.63815043056084
0.4448652010960874,-11.124182047927215
5.399871061972217,110.80898079276461
-5.683579450063137,94.35365104424149
2.4578095163800047,40.9356294300118
-8.29305070012464,201.46978185696364
-8.966365576627846,226.86984396811695
0.6270926313629595,-4.809061595238577
0.8127024322021299,6.51662802146578
2.748598029964132,24.656364908803386
4.52182667445323,69.5791682722495
9.517041589250692,301.6421090572895
0.3260069660239058,22.66990060125021
-3.5408705411750807,39.47826678396417
5.903723895374073,109.41048466882876
-4.583354974758516,63.300745206615275
-1.2205715858872779,18.994556683508108
-8.430872373154681,195.27925312776534
-9.49298513169085,255.02415820139976
9.252968293558503,280.5050852592058
6.719602410244118,146.0493913449415
3.9194841218739604,65.40883992705278
-1.8209411117146033,10.096115887490225
-6.534113598583085,124.21101879946927
-6.871259146578279,124.0251667071294
-4.995142036708094,65.48946482401455
0.984533294122409,17.1007975882291
4.291918454001246,65.11719743447418
3.2039475343546258,59.47337298973456
-4.401322061081143,50.31590167777038
9.097305613263881,273.7243667474142
4.757938333915369,91.75571655458572
1.0870810502280133,-3.464259599579769
2.2344149246870444,6.83857189655896
-1.6079987514442013,-5.715580694651019
-5.045380209976851,83.90266500399626
-2.8805464269747683,18.61296884099731
5.156922209287382,120.67737729318164
-9.712130227404883,262.9096842208312
-7.678547189861675,168.3686794930449
-9.079947159564945,249.59752646802337
-9.185423953620598,259.80612059759125
7.109211680220145,191.45613126933986
4.073157187600474,75.00180510583658
-0.5165234182534952,15.007967746420459
-8.04331678697997,188.92347072519325
-0.1676824976633533,12.532598026407532
-0.5305645843886868,-0.7284899974400885
-6.535962601799696,111.90250735855027
-1.3229670152405397,7.571046565652788
-2.0299053120525308,11.599889878342902
2.3170019610443298,21.20721769126572
2.7018730173528756,39.2679739149715
-9.09391980455911,244.46334471184412
-2.5077477074705756,19.734969140949108
2.5171983142847267,43.81855949943568
0.06272517160175362,-6.279637456674134
7.129796823766444,169.82500729930592
3.1738726323789006,34.399924518421074
-6.741311458371406,109.18785144883543
-8.588625051991404,208.2893838886732
2.8483855641263123,33.8191970101893
-9.469773789167563,270.22479670810117
1.715511625469265,23.568080507846904
8.804604828499151,244.93053997179794
1.50948355751758,33.39551460962483
-2.236601475869562,27.74429248910011
2.8657643688470635,41.19032202564051
-0.8349421901696665,3.156660013938307
0.9123357863186996,-0.27265103360411835
8.829296175530502,252.8059374560631
-2.2779472439845154,26.898722648202778
9.223811276478283,297.52956900456644
8.107012839121275,233.81743248199604
-6.084177304214071,98.99479158104991
-8.612773982496691,199.11790472283224
-7.984439972451467,181.69382754525145
-9.635563486969005,246.57673050466434
-8.111140784881432,189.38121006858586
3.6601354683271374,51.03402001318653
-8.57622703079542,203.8421911709648
-3.6204873941247744,21.13578145213169
6.89750621938909,166.65778964400886
-9.534561285283482,253.3274457412937
6.289369651778717,124.54808279659997
-4.362904504532001,24.656376005116396
-7.636703447566875,164.40916269259927
3.9347433072830125,77.03861726388885
2.5788569355976794,46.721815299514816
7.549440270541059,186.51006317062055
4.701420876077716,74.6907959105957
6.06961860769697,132.34778990484813
-4.35930854857387,43.308241575977014
-6.451209124405544,119.9697982498236
5.012295032817168,98.05469733749219
6.136694785345281,142.5197904749855
9.810102840013467,312.3330181101483
-1.7476464617714704,8.63077404071442
-2.559638284144336,10.7561420011178
5.528259214839936,99.47266472866929
-3.183929194939643,26.77956804627246
8.615146512071295,248.56619636566697
7.168255036860238,182.6239971564695
-1.420119452499634,0.17818936630086313
5.017421355829947,105.48527958707038
5.0908574816936465,90.22096864971013
-7.937522623281348,177.92407799526256
8.051058133591333,208.08861068710593
0.10504744895714246,-18.99920280521792
6.529149322154833,154.7881252209049
-3.599007979387765,44.02899831923921
7.9104645699240095,205.73400270473502
-2.215966425316738,15.969495916008372
-9.783246970394032,277.728662087425
8.107639528385274,202.7912766546113
-8.174266464277329,183.81683698500936
-3.6137272481917027,44.8922661728044
9.001239341016099,253.52651347310749
9.012142938751122,269.61602624461364
1.4687577624657226,0.8434455731073438
2.6367442433959845,35.79504892637282
-1.031089560433605,5.770843101063448
-4.135784566038709,31.891254638919477
-3.4267090926016808,45.02098097532546
3.450369121540769,40.26996369974709
5.0474905887536,83.4239405380319
5.83158087451697,120.69086020943969
5.792362855891078,128.72550156898924
-8.175877939026194,179.02496615372922
-0.11159390594837149,5.430970286117415
-8.848824799667113,226.49561640958268
0.9905776464747102,16.85594358666699
-1.1693899725324606,8.528054331285738
7.754083655165996,197.2153289134361
-2.9816997489584267,17.432298474412185
-7.658659671447882,166.50932337675457
-7.140166358943283,132.9442040624135
5.230212634349446,68.31229303527854
2.364361266325222,30.864933167324143
-7.977546477544195,189.0079988599069
-8.317863877700052,172.29552635302355
4.019382629182399,51.40776837058506
-8.544739872716129,213.13980134177424
6.437201185807126,162.76203438840125
4.1248445431299245,64.50065367798007
-8.373024387162005,191.29653397741362
-8.30324571829616,193.3962125275699
9.732791570023508,322.3960425680909
-2.514584084877594,12.480589398758518
-2.587157058662182,11.913910754729761
6.255991345150051,130.0968306002568
8.944971547677174,253.39420497902975
9.720021276457416,309.1031865572174
5.0675637051788325,108.42251771319071
-2.4748082893816843,21.655204359973816
-8.329985666026625,193.98247723531094
5.542938318548735,105.34025955764967
1.1680849947161,-4.202470432891635
-1.5155598150604739,17.690742800429057
8.12708770189472,218.6244669765266
-7.776050353876974,169.04397747443045
-0.14749791418281788,36.70134675414782
-9.772927104651618,274.9719874528564
-0.626787160117475,-2.5928983889224053
-8.873934486363254,219.2286948700193
-7.623641674638561,175.59691089254795
-7.649475064457903,166.37716026175158
2.984206042321272,23.30208941054925
4.920897585308467,96.67978365165307
1.667375301943192,9.993730941086898
9.243450969490837,298.5440371773004
-2.5025884095259183,29.584150080575043
-4.285758274362785,47.05843645349416
7.3719825637892065,195.59250950736578
-5.528083229610948,86.30150122656954
9.264450788812226,289.5467835838171
-9.756910506203674,275.9254150387403
9.39757653415278,280.27492066417375
-9.136801760988478,230.73433741365488
7.822862273961423,214.5368551958411
0.5540221817259976,3.681112775919889
9.859295922386007,312.29925546788405
-8.524068705292024,196.37987867353894
1.0770856880264148,14.870502770041446
9.38605071238198,308.6911945434142
0.46195688340297636,-4.111202889366603
2.5879727627052507,30.510949153650827
3.9149737796923425,72.93321220057462
-0.9091787046445354,4.865046429191123
2.551161601681269,34.15131771953869
1.6862862384620048,6.279321029534223
8.023160209819778,218.4426906490221
-9.091072393170842,232.88920433723186
-4.380736208155394,63.66837671681893
9.008229681531176,278.33492586436773
7.805275677818326,229.27317299604977
-0.8868649442857404,11.382190131773124
2.4026519560307342,30.381476343338072
-4.452376340377347,57.5100555640746
-6.237576805524774,105.71527667530549
-0.7260319012003578,8.514141596898014
-2.9329554394789437,21.98675784955919
1.6731222370174414,18.42886829673777
-8.445307260700304,215.25500501759078
9.48789615332333,283.9708869025932
9.724214889592059,319.52828104736625
3.9632342803949037,73.21929711808039
0.7219273268824082,6.826706579752768
-3.8094476742734447,19.69823041044923
6.275900394138972,129.63435818879472
3.694623451077586,66.30991970352362
-6.747661213102174,127.86879249121735
8.21854368987685,214.07744620404836
6.450744858463381,137.69006819161982
8.99599826583848,274.18215119362935
4.5143901677672,80.63527177804771
2.268303918715798,22.58289484871899
-1.6351392741876225,6.082518671450353
8.654569667080267,243.09628621075987
7.321277790008168,171.22177917043194
-9.095626597876212,251.1537733229216
-9.47266051005496,252.0253657040407
-2.4707326624390085,30.5436795511058
6.211066615636657,148.36733926212642
9.74552258629889,319.39978559426277
-6.991662177929436,133.35049254782763
1.8826143070427026,23.435239404697125
-2.3821828673795693,17.01806384224194
9.398287956292066,279.74300683343637
6.842378462714173,162.38277882368868
6.766574094222758,144.1023251946671
-0.6261368041005948,16.800662168762365
-1.703609953246696,5.653467738926307
-4.531858561385875,59.56110549717601
-8.872490066981458,226.25113854755242
7.294447525101063,176.62673940252043
6.258020182601552,140.87142819750093
9.994353465722611,319.90097395862466
9.93273674147811,329.5562239840561
1.108634112052549,-2.555319795142756
5.37974830361021,103.84836783327535
8.89531459764856,279.5597845592987
6.992947813548231,155.68653975006765
-5.053037965136047,64.71605239579813
-0.9891172937981292,11.095902971664495
-7.4168116969701,156.98948167039327
9.081020545174447,274.0631445087257
2.123492689017601,27.66652028044544
-5.427143889930745,88.85459931179406
3.434013688117135,58.34237582632405
2.3625648091579166,30.568453620015106
-2.8367456393431905,21.055309642126016
-7.72884815600742,175.47332215587033
3.4314639118559924,66.18658090777423
0.40615401807586693,4.980853831523513
5.446367834712786,95.13621039570131
0.40327002223986774,17.365226869861495
7.043630006370801,166.721619373147
1.0381367754897113,-11.417238015288415
1.2187594307077259,20.367859282736728
7.533072053166901,184.95438592140712
-1.9303426757520583,11.412650362943124
-7.319695430987185,154.4142360509598
-9.42434647373322,254.51122322122754
5.1027451134723805,100.41403147753392
2.406191027069294,22.826784124686508
4.081595361984471,68.27251080264921
-5.740716769821786,89.7905867784565
-7.272570488264605,156.51380835267761
-9.709106686642361,274.535719424656
-2.9882488238680605,16.458008431864464
1.7983537370926612,29.158757127081063
-2.155119098005354,9.263742332611045
-1.2505015595254179,15.270837314887123
8.083173889874967,220.85232131563257
-3.0348906595339926,44.94373939486326
0.2797897831962164,3.5597667110168683
5.673060254822861,109.4037905130162
-2.069144353574597,13.511590301762388
2.4417340045574694,24.737865027808954
7.247274174934905,185.0629162693255
8.990412473152844,249.3002681742065
-7.058530381419241,129.81466848195333
8.531752503229889,229.7578781197763
-0.15767413840923616,14.26231104468657
-4.8351122340208335,82.57084020451138
-0.8172848752347743,4.3248017660182985
9.600651505709543,299.03061378176767
-0.14763812014260758,5.4706364344043275
-3.424967794249836,44.960060612528004
2.6680170863345154,22.41744834968204
-5.197087624436138,78.01867390667736
-8.482733437826722,213.65680915384152
-7.4224055617870155,160.44244354676488
-7.439083220844552,158.0375272242512
-6.9619461297541125,146.492650406958
-7.223456547011797,120.05573743568684
2.817494896064293,41.228575455482684
-6.3623983120171035,107.17478338696581
-3.086654333522736,9.102667288354017
7.935768198120236,214.91281307437978
-0.5207671947425538,18.508646475504555
3.3511547704205427,44.018539280501244
-6.553602575967403,130.27066049127433
-6.1542196238265845,122.43760086710998
-9.182627674670423,252.74584222136903
-6.621298738556709,139.68183877223848
-4.4281932193608275,62.39157403597689
-6.459790314465064,118.02142848065576
-8.225949324858888,175.52717011674977
-7.587282577987984,160.06538071744453
-0.7844246393454846,-3.1553491874160065
-5.87332563188415,118.45063784565187
-2.714602779038491,19.919141061490144
0.06834541709713804,6.382752190153678
3.807896572587307,61.63087582814577
-9.213757203178021,241.68847545471314
5.988207978180853,141.50283073051568
2.5580077898181557,23.519733520602887
-8.364819361022562,200.127044657941
7.471572482135546,179.99162517470597
8.417448010636264,221.19496394435868
-8.778440802902725,212.50849627534404
-4.4624470370559255,55.44503863099167
6.124025595861227,125.4660974428402
4.965193807673167,81.96562645987565
-6.3095796128724535,97.75005081106386
-5.813013533265794,93.91629622097525
-2.5905579441723603,4.904651757688834
-0.30954029617957346,12.268924629413693
2.365095430605919,27.335617578175864
-2.621727208604552,5.801391257153844
-0.7493056773370412,2.0936748690958495
4.94941876267513,80.86751173440628
-9.266335942188043,247.25401860027358
-4.951261113119585,82.04694206486288
4.266991717691049,49.40391369545668
7.9041367537439875,209.38466776462178
0.23354884231332207,4.029404914197919
0.6422697053063136,14.23547129818006
-7.856559773204479,176.59544114577236
-1.0517526635309071,-1.3046476487169318
0.6523453291004628,4.390814586732317
-5.150589927305407,66.32429137513405
-4.615135381012381,70.4282243791781
-2.454316737907547,18.375494960823758
-9.598576044445473,281.2127410116466
-3.5584166883364343,35.263546468674626
-5.7710398600691075,86.28855581027656
-3.4500529564417075,18.671346367744807
-7.604757363614976,145.25609218857917
7.810545614797899,187.79360020205698
1.8718490710809732,21.926421486996887
3.582046382889793,55.74451186560047
5.783424772146766,101.09894880921482
-0.031156021418855318,13.890983190935401
-8.261594238251526,188.40801907919496
0.742130836370956,9.60446632747537
1.736822360417582,33.64550673832891
4.908789483686601,96.07461471148503
-1.3668090754064117,5.185576515968844
-7.448393944088725,147.62700689668247
-4.324481884025511,30.936312914450433
-2.738354072027298,14.82750773488666
2.9183448266320244,34.27559684637681
1.4155660933782386,3.970819009411022
-2.878065482043075,22.781082121774322
9.730304975859593,309.26563355102064
2.1154963871377426,20.408407848173226
-5.25546416528011,70.84875663883528
-7.964350547591925,181.0504845592668
-6.94281721631336,140.14190476047895
-5.080845432309838,61.37928928202308
-6.786372534808887,143.70113527147012
-6.268659518973885,109.3650761336753
-4.298096626123058,52.01320679967361
-6.5325280941049035,127.03885794516528
7.9353084925285025,212.11014091247694
-8.395325086767155,209.18516610310394
0.4902277914050934,9.572667097226176
-1.7920634602067693,4.92597366940686
9.647572338172129,307.13713598919736
-7.759221956638953,158.66087013067954
-2.042888019085167,14.519995395160048
9.389408665507379,287.92950268828525
7.310142517879605,177.85366735816729
6.3414414189856,137.03914553486018
-4.841943459101204,46.83087201022
-6.582248252198683,116.32623057891087
3.3728643984886197,46.80282056016438
8.587519782551716,245.01009153222864
1.135257860278596,0.8601955392706202
1.432253789397997,26.675638739177767
-4.4004181267943165,45.62845433612637
5.389858663838737,112.62601858141733
-6.259125028849533,114.28363194132977
-3.526415271915127,28.791710367720434
-1.491271227671664,26.44223609419585
0.15220757368910043,-6.562451733721631
-5.151805351698395,83.51122617806791
-7.703263505215929,177.62010206237275
2.212400848832651,17.402752154645157
-4.227388935194885,64.08232675847793
1.6247644284522451,13.668642054806215
-6.912745694515953,137.41960401491323
-0.3771979629036508,7.275657371560897
0.6517886510317172,6.234975224199193
-8.963529263551461,236.2155947801251
-3.267914436121588,38.436852618714575
-7.311706461220515,133.27442147033864
-8.732500590544646,229.34810093928002
9.799204647798906,296.0467246035721
-3.5529231005055406,46.089403516723195
6.197488917092699,143.88863583492173
-4.907186904724723,56.517411842103996
3.630054444478585,47.68385181904751
5.204557197793731,85.61431458604771
1.9127748121568864,17.652461767491854
-0.5684762289968326,1.7522003689522996
-1.7631817170546285,18.596671190651264
-3.0226346691400945,39.466779152178844
8.590582884956518,257.5323467877362
6.612388155754584,143.77412741281665
9.300538213330253,281.0088908620641
-7.514055530289106,142.52059855401717
4.617349504072886,70.13574767147024
8.766809136420758,262.7529619071075
-6.3753386766867965,130.33998060948437
-8.67007465266445,200.82694542419563
4.822412985801181,78.48718439694501
1.489462263598238,14.370360461656764
6.836575535165441,161.69105780259483
-7.20455246747421,138.2115886356013
5.905346237197804,125.6706454625953
-5.967453599045109,95.15820670146992
-6.72688114268591,127.15450472931526
-6.714684041380141,132.29441972397214
6.291494404627642,136.39591703774744
3.303944413924002,39.99217599348117
0.4613084953823865,5.464935535242349
-2.8233903175299506,22.384188428252372
7.5440108162621655,187.12420892134466
-2.1510978515472923,11.991509571028521
6.331988789431541,153.9326953723704
-1.217301828595632,12.62006204792793
-2.4611114115018484,15.294182136178561
-0.7464042866078717,12.148093549091431
-3.972442516717159,41.05781871487205
4.952187603525022,100.20810776443716
0.05440780184958349,8.814118152386417
-5.355746097063654,79.2675351344681
7.991491465491368,217.05195971814962
-2.3221755725357713,0.824385503288978
0.8710572222797719,-2.2493381910812538
8.12944221929094,207.58312676496132
2.484759918279842,29.92104633866689
-7.662039185832718,183.12160507889377
8.796642472269504,277.0490427612725
2.5541610614283563,36.06004932041477
-3.3018877068582775,36.11205662183346
-7.214558546732254,128.7098706376904
5.880503785405919,115.07524388399165
2.4014551185702704,19.22603277758021
0.6692218395264309,1.4735413080391213
7.877851661019154,205.25590551525713
5.771944224490614,111.76900306390164
-6.9665024053449764,116.8704643765842
-3.765558644089035,47.48628097921822
-5.030217203710685,60.121390684701396
4.878925851453539,88.5620727359635
-9.329351305284412,268.19251141916686
1.39779369742633,4.463223140682739
5.249173714813811,72.856946267041
7.535312735234989,187.5533973050527
-3.158365025681851,39.61867520497297
6.425146093440258,161.2812736952383
-7.7873652608958555,159.05894665350687
6.929045834690363,167.86011243946558
-7.450226753360352,151.96407795493772
-2.0542541887926546,12.491888895889838
5.9459073155910716,149.39668951815077
-7.001651453024524,123.03636301892072
-5.414972095347171,84.67322080441697
4.445051367861325,77.84247944215448
4.400730730921488,82.75861760946677
2.8229526577059456,35.532921973068035
3.8789688893420013,60.97764210717439
0.8544888669519235,4.982945730920282
-4.964018821860945,71.68768036009835
-3.086080129921611,23.96758869007364
-6.368045663971486,120.13564430589568
8.169011226672566,217.84015235741606
1.6678358953224084,20.45170545084438
-1.9829716647272022,12.537958403028727
-0.7598839271173468,16.473005401560833
8.945666792236306,262.45225942174596
-6.932971937678396,117.60203110848275
1.7245966403359443,29.991109003385883
0.11777357768932006,-3.780164006442323
2.229084708692957,17.826961946484012
-9.63779632358319,258.4291483370197
7.442478178883029,199.80078161892436
8.642365649672247,224.99944122746192
1.3026636717841793,44.073610605527016
3.9330164775378442,69.83245688348879
8.449987623545915,238.33923690262088
4.144772686267972,64.27802722887213
-6.949219141714773,138.83204250387203
1.5257672033362635,20.2466553667956
2.1343009276571188,29.38647906420892
-1.5173865739522796,14.428657556561838
4.728884712494457,82.44062810973276
8.687340295380295,246.81094061090192
8.511370258135528,237.8402786929581
-0.9832125719173579,3.984612937367511
-7.735239083184895,180.36899382439415
9.696823979246691,312.4144010347829
6.777961728918683,126.9743327072536
-7.506746375934663,165.59923847125285
8.416837652347446,236.31050544980366
7.3979272412425665,183.79674931818272
0.3767611425214419,2.2941846296962116
1.8255087148985858,29.889590834169365
-2.019945922597395,22.67591736668731
-8.904767223559373,217.34632679197708
-3.296055167081981,35.07035153042487
6.057068971960227,117.46182419175756
-9.907359539907944,265.85641843130963
-3.3300165661771164,25.339825614788214
-2.0366261281811333,21.994220425435543
0.7479120587584571,17.70519191418672
8.397112328255211,238.4595652174903
-3.073080112680775,34.436261779980676
-3.0609359620754457,32.1478978387789
4.750024962194967,75.77344539658633
-0.9556411822038573,10.14769328970365
-5.507903541200361,92.99929242737852
-0.9512096773461316,13.354893494274275
-7.182859592404003,157.30383030250903
-6.472260269875534,124.80897693528753
-0.03264454521040605,8.452389983991
-1.6214910099090414,20.34621964899372
8.296918021362,227.84516940983798
-2.7521220176673378,13.399536252776164
1.6117670055608695,14.386243012328055
2.6452857583906066,23.834155299349224
-9.738110868233328,263.2644053598017
3.270747440334212,42.189674628871636
-6.439280662604972,108.59024582018543
9.221406349389103,275.4662025840488
-7.026745444937741,120.1358170844465
-1.7075175254595258,12.464750322064601
-8.293006638427123,194.74791879175694
9.937485036918947,312.9649103401199
0.04390020662485128,11.686038781998867
1.9077003464008762,29.109063904041406
-8.65847045223145,196.5147921683426
4.999209407983557,82.34745514491888
-5.801888138088285,86.69051812661905
7.961085788814273,201.65980137712165
-5.897207190359857,105.83149197669377
-6.186245586726669,105.49815081670417
-9.269006643038102,241.56029074687112
-0.5586610978000159,-15.21963917308221
1.2968226652523285,18.99307270793338
-8.685827211432953,201.56654466920682
5.510552333900211,107.71899204442289
-0.9342233050394473,8.523642320539507
0.4878053865516012,20.296059016935985
-1.1847450612354375,-6.246831533296714
-1.98473878249348,-17.34703501899411
1.1928066261643586,13.492471642130464
-6.89519508138575,151.84586728343575
-6.3614373900945775,126.07024575348514
7.235712420270346,178.63462167985062
8.922309242672654,256.7510632946704
-2.533813674404941,27.264233827367626
-4.585106537128924,49.16393079916465
2.8799908647803143,40.406601566777006
-1.8253165780380716,16.399410265771973
-9.492272886793103,266.927286973445
-6.876948052676193,160.719947841379
4.3194445769479515,73.53585318565877
3.178478838203027,36.57550459404446
-9.45808014993033,254.19393694573785
-5.560556761341012,68.94750191671251
-5.378504068238572,74.08077858880887
3.4378548719745687,43.23942372509594
-9.605789244912717,257.36109858387107
-7.917828360308523,178.76390982963804
5.998321707463788,116.71203400979942
-6.429106758913328,127.35233430793315
3.0549221570374936,39.1095631199328
-5.23634437906547,76.69221539899452
-8.011172144813097,178.23534594673242
-5.136556180010919,75.43142264979303
4.445338637113183,81.4247667167366
7.113929362125717,162.38052947508564
6.604397291339833,142.48182043749787
-2.056329407630903,10.53555279503453
3.3617027314129224,32.16783199126101
-5.900314091683581,89.44791236097737
-4.137045394779735,43.30913427039857
7.926716370422394,218.09582179933918
-9.73996152978528,272.7462420355403
-8.28982938291064,196.52005394115992
-5.842274897079454,104.22095774665505
-9.469355922523606,253.69367503325748
-6.371291298204054,117.94212432259289
1.6608312193938435,15.564525927402448
-1.5715089881500415,11.919527017205304
7.853434221539498,199.90856908310624
6.3488712347688185,114.23406875379818
-3.1636529660424806,27.356002714700146
-4.81153133137415,79.0569199566364
-2.4061518366546615,26.8185503322164
1.8058988502961544,28.049584519006928
-4.638727183542475,72.63722250098493
2.4829781569826803,29.348073807739063
-1.811766956175191,13.197121672170523
1.0409436170396056,4.156059121302201
-1.2774694172936663,4.1801169415040285
-4.110684809161647,53.62953068020511
8.969066139243132,276.3094188805276
5.272115883195216,97.53538666709825
-7.1977364846709495,141.52486589043392
7.369359517958255,182.66637773924825
-0.25137603500972716,10.698885152203328
7.891044537881829,193.14929261093215
5.997105118946305,101.92821012959615
-1.4957299106153314,3.2147955803815442
-9.550613833597652,247.33432186918364
-4.626452812301078,54.87788927227041
0.8326842932173388,7.267654794772539
2.6695643965229454,27.186366904364508
-4.842246291335954,80.18223019990594
-7.212878518543517,149.91854017873575
6.698604735985981,156.0158692950017
9.688043614071042,312.1727258730042
0.5138036460537165,-4.56874132560598
-6.5664142830339305,131.61167891743085
-4.553853469612621,57.347394463528886
-9.632186469050666,270.77748175799894
8.285976131209981,216.825581272963
-7.644978342197177,149.5095372134367
1.5303295102850711,23.265280830968464
-4.51889558625588,60.987556046912026
1.0835600503158673,1.6689117049782052
3.028407767037285,29.873945531682892
6.594836074144034,159.91960852693026
-5.871574564787936,84.78889555134477
-9.780083426830391,288.81665818618626
-7.2622873986238545,139.6916726369061
8.0003728369621,219.40256152121103
7.477801551250305,184.42196646465518
1.9482620434061655,26.315573366967264
2.010337208673068,15.703901473930479
3.3007334909251096,42.65806265547126
-6.492574427531008,118.884610989984
8.288238918499196,217.63931638955785
-1.6245895021585373,17.076937601455356
-2.337229435010051,11.581329760896255
0.37835410565675076,3.9001645457152754
-9.0606806644989,223.22294723698974
-6.674332624878412,99.66814612483914
4.760672328527409,80.60307008987289
-8.344026641497472,221.30644271519296
2.0630421893277635,29.74055648247464
-5.093017806373581,72.43785171802396
-2.214087719160469,12.64946955400801
-4.226125264586003,50.35281265486479
-2.8865456707010173,29.694537537478425
4.380918103684909,59.53103834786391
-4.057565687536499,57.419603497636345
1.3280928059379438,20.10149026984069
-0.4789919560180067,11.9121732268332
3.273423307252962,48.07750444800395
8.73659478649516,251.65362154017348
4.651441944205006,85.93923272900714
-5.701192428184864,97.02654179062135
-9.376337298774306,246.45402171419988
-4.754719114003498,57.576605602234615
1.901558614005097,20.669455668121017
-8.971483730314993,244.00979502424178
-0.07267505597527268,-7.520575877206527
1.9368569783377847,5.452706162758492
-3.315122183660783,32.98746932284312
5.418244074916439,104.41747173449434
-7.868034937324564,176.71526809393484
-8.497244365283825,207.05452865856049
4.563775124072066,74.37965785109309
-0.09017367587603076,19.742680909731746
3.7680479285547204,39.121611648000844
-1.3034532279250755,-0.7949057514877156
-5.071959335217864,70.9978482223847
6.382046353483993,123.52375156948133
5.988317579379585,122.79793340895816
3.893929417088536,74.89061940725965
-4.5570972554007465,58.39607655770118
1.804613337381742,20.686123624318522
-2.7805220611994645,10.031217024326025
-8.168358533467316,182.66591224647556
8.346271509244858,226.92132353334762
-7.263627381620772,145.57644248628924
9.004747076416049,279.08234183353994
-1.0798845408408848,11.915593390210862
-6.297341423227607,100.26026458626937
0.8380189475671624,11.247912948899097
7.458916717528165,191.8063667170876
4.644497728191224,90.40456328311545
6.131222957228996,145.84353763389737
3.1756673342143475,31.45498180293819
3.8455312903570498,48.94682018395619
6.983913031306386,152.7171711600201
-5.006639822816281,67.84584870952715
-0.21150072713719048,9.374779962927645
-5.5758111636079555,96.9907332353204
9.753360159932939,309.1313133115419
8.881186793732265,256.1903349504093
-9.211463772629882,242.64784688064586
4.111503450313769,55.584959750153395
8.504966348313317,259.90867767140026
-6.388493097453329,98.58493570253925
1.3589046110525889,15.105080236882385
8.309765951760838,249.0122246149492
-9.321080428284024,247.0734586406504
3.9484053449367984,57.76613464363509
-4.053019852548985,42.600415842266344
8.487923907530607,236.30648777752614
9.421164903307357,303.845858959311
8.885329782268677,237.4992964702545
-0.5157156668507241,20.10079362636767
7.240853019786268,162.53199187751483
6.890987970701406,158.5725982861131
-3.6179905351348873,32.7411412637205
6.578309483013548,153.86461862665223
-9.259847305690148,227.73337824387346
1.92539756964106,24.593989203640646
-5.3998232542459395,101.91772325566228
-7.588662284454424,148.95432118766615
-8.460935967415818,204.73750207540425
3.925775517562794,52.466869500045775
-3.2025007246386767,33.62190328658676
4.4953354305752296,74.80627053546294
-8.692873184021153,207.89751712193677
-3.6941932433877938,43.43152752041124
0.7898258475067443,26.49460740105016
5.814463296779271,116.14383896506538
-3.6249499413586017,44.36846577083181
2.517827528740181,16.121291872214385
7.719554964723741,189.64933272144026
2.317263763646091,30.467724357017694
-5.340810504927324,94.73230982413118
-9.51198436886924,260.96570465095635
7.401977478018598,181.0411864060893
-9.574611782992257,260.8632628732915
7.49403345368399,175.96560178247518
0.5787426805442397,13.207467895492744
8.781353970257925,262.7225712166438
5.975664715473307,119.55613247787386
9.958682210666751,317.74299706288974
-2.985763690965797,28.431609369457988
5.343765778622538,96.98783228717116
-1.9613817278151569,11.956965244732972
-0.40248759392182265,25.678231493604443
2.5501092643674017,27.13913330191219
7.4735422837267755,183.9251858471974
9.681669383985902,299.09208689405006
5.365468277290365,109.5376057734078
-1.6446643566533243,8.01319209265
-1.5728599544585968,2.7822150168870436
4.751646031777829,95.45075242021576
-5.224457084633953,90.63197136341418
-7.790517737372107,165.49122871679697
-2.9075568471844697,5.881147250852777
-4.255220166918365,60.88539257137877
-4.073837590880198,39.794484711245296
-5.327844979001801,87.40836239444819
-9.158136207272761,218.59706578121705
-9.642521305331723,273.57558214365827
9.75444779472063,297.84493163642384
-1.4445373252827522,15.678630792504883
-2.313467056806367,16.57218603353655
3.5929456538613973,41.374272528560866
-5.634922242698717,84.91683842911696
8.999223679004508,272.81971240184237
5.726900288311041,115.90490584454571
-8.21177995375481,196.7205599238833
-1.6483844843014328,29.61915110080909
7.582366151243292,176.9991455399361
8.894640445828205,276.30529262303156
-0.6519697750026054,6.014813587777762
2.2682277842141545,15.983186928440187
-6.659321078158495,111.41789325231116
9.823372522739533,312.2514842992509
-5.3665659723311325,89.88346018072953
8.854635482702513,256.64748835623277
2.992932979847369,52.97035872774238
2.154735897577183,8.726375259562019
0.25377022033017127,5.579848936379068
-5.386603765644827,68.74935840875624
-6.469439359889835,121.2583770003454
-5.590275818596493,96.44187344773408
-6.271234757114909,106.23506868549792
5.591689471335066,83.94221380791708
-2.997494816665398,27.94941736244193
-8.843146468732073,226.28481098221653
9.382052602816227,291.8757858812817
7.675717699268514,209.45918391335033
8.55504566390426,230.96597346577926
9.898156452928706,325.5189774603245
-6.522095015610255,131.4940552715036
-2.075159621946825,-4.01733271428335
5.164769514081826,98.55058968812048
3.9204123610758437,53.90792565470379
-6.922081873202899,134.08626190055023
6.316662499812356,140.8107652446151
-5.511188563266787,80.22493537197879
-5.523647703547539,78.72767566000681
0.739488457868271,8.46103062857797
1.8587986968340626,8.210535791096127
1.601724156756223,5.041757847669894
-8.170263252044903,195.71281114862126
7.549217252607608,179.58253753483373
-4.687999148225879,68.21913475394005
-7.4097015743439165,159.51754204235584
7.774961597379544,184.64193942903316
9.113029964595068,265.59235881265636
7.2425523453090115,188.78989214471494
6.19032149449756,122.52922829331384
3.1048396127804345,35.48572366573867
1.017147412182787,14.758670331214962
-8.260264801771797,201.00929927545252
-1.8309357385860263,8.879716698877662
-2.5462296597537204,13.382295174204783
-4.804924324793475,78.87574326837424
4.468402273771698,91.22565782626344
-0.08248529842458296,14.644021384337366
-8.379075681847041,199.72175790831753
-5.596335961003773,79.68159942685527
3.6651752731919185,44.32643583047055
-8.477382810193996,208.86843336398752
7.024138280975375,171.24781454162868
-0.0970694597205135,18.850114450054566
-0.38826845346704,11.180221194300373
1.8481556931903516,3.9125467675982524
6.493619318502983,155.0079903751406
-3.043815841956139,16.72620668217307
3.560323051181271,46.30863406915717
1.3146392799158217,15.31610993124136
-4.6594345966115736,80.76879798491906
7.57259972710316,223.2771848950285
5.948520432138562,129.1189574503488
3.1690366931685094,39.63448788707835
7.011634581884838,171.85738417822526
7.345884019196049,190.45435836757017
4.167259534300696,62.225998891689635
6.740266567273441,172.72622688738238
3.949429233385672,61.993539867249375
3.6028154352060078,56.123898941801926
2.372227564303685,33.28608849967857
5.054332791152824,95.96337157961828
-6.827897894138526,139.59417817476304
7.617415183978569,188.13734075780965
7.43687055490464,180.21185452157192
-9.415054339308817,241.09809362807877
6.516335011295254,149.81554826708972
-7.422602650531096,163.2292500570727
-3.297622914817162,35.60543349686624
4.870165125832155,102.64077964375488
-6.784802079033836,129.47505340862747
6.359340482381242,145.72973163324627
6.64268355915484,139.74409295811458
0.14935467521672408,1.4946327827167178
-9.872282565663328,284.59670161323146
-4.259237336501744,59.39585450037937
2.3385383675148432,23.14369234740483
9.62372356054847,301.3796201120834
2.636270540333367,15.94357069934739
-4.803928378716805,61.05503483802231
2.680114061992228,40.81309391504776
0.799707594317109,14.270062058925253
5.596907903022872,115.1766072446175
-7.860387223460831,175.13402433312675
5.220558050040561,97.27442674789278
0.825331573522206,2.090968371067863
9.259840077179891,287.7418791212258
-3.1625566792262783,32.88991033339758
2.652437862678962,36.331344051404734
8.64056211020035,240.99871653441465
-7.949805440186415,157.1651795313673
8.744569744729024,262.86316666828566
3.7577144460162675,50.08830790534652
-8.643258817896562,203.2034937032157
-3.980728661063675,51.51193381605398
4.163441772905632,61.40949933574672
-8.652987970624565,222.9159903585374
1.643409203525465,22.559259333514515
-3.0823388609408653,34.17345407112174
2.4183103553495418,13.72173852306622
-9.085159323749743,246.5694810201152
7.430736123047524,188.12149554952364
9.469779383547937,289.2769520938425
9.37755710571383,289.004730697622
4.993036634858495,72.01496545185093
-7.398275197387361,158.49340540886294
5.165263918580452,85.07666680110744
-9.50826167082397,243.67789380249744
-9.557528969420055,244.7004302028917
-3.5277956170091755,46.40731826204835
-0.2271361919066841,-1.592133771719645
5.4081483561558645,118.89777973805086
3.6659075321301042,47.29043453612193
-1.0819458724650328,-10.725650708027171
-4.527466674366682,46.27368571428276
9.942490003154223,333.80241859484283
-1.4763739552805415,7.027310477564372
-0.97225951340649,0.40847369250928445
-6.727523576166616,128.9238555098276
5.8961909749985875,126.10541335263699
3.8736445156297723,68.93664269069
-5.584607744224792,101.87930778104624
-8.352379087683147,193.98426463984313
3.6099860414942615,38.05549288151837
3.090224285622705,35.694255366369724
-4.534809460035813,60.22667666224814
9.017271245008207,257.33049534606585
-6.978842164381995,127.58352038835348
-1.3533039791479613,11.225565837136049
8.872318403351976,258.41221484237394
-1.6054536614775543,9.849507008615813
2.7705189532817105,25.98341037104228
-2.0481120407441145,11.184057570777162
-4.515695953026599,47.90080647180617
9.679552959196563,314.34232649931386
-1.8133198736991396,21.590240492896037
7.881984073582689,188.67910833341793
-5.400907882178276,72.41249348904566
-5.737905919498334,77.32958863314462
-9.377318342309772,243.54742185036937
3.033336507517701,37.83568442065084
-2.629473125524777,5.986988305536267
7.28716499679274,169.6640529337763
-0.5358018661688568,-5.24992653378261
9.363868558294435,288.8465135416236
-6.289489685937577,111.78750552703282
7.372463359112217,175.58719912920847
5.531937055834835,109.63906560221936
5.41843689288104,98.44844802629244
6.895664562337753,158.72534729025713
5.220479818859978,113.93570915807825
2.5244064326283073,42.57130689444563
-7.3751024463522485,140.4303910205923
-9.349476410174962,256.8364987916961
8.416956956313737,242.48337267085796
2.3330062904147617,14.512134746647881
5.930745819523526,130.57050600398298
-0.3695529697489981,20.049921436978444
-7.65383622075211,154.21050617834246
-7.496284155948992,149.41523191815506
3.711305744579427,63.920597146838645
-1.3938821020107461,10.755910847152677
-5.989505465993266,106.15827900189831
-0.16810906517126156,8.15445600704071
-8.715821258497318,219.37193732250813
1.639428038287976,3.0773076716394065
-4.620131911298047,70.269769877002
5.951182012743763,134.84796599617997
-3.7927608215285247,38.27567486422786
-0.8955970183639756,5.180318523040754
-9.767589201837987,256.371143018353
-8.551062244108822,212.40241957983088
-2.150128871866304,20.289479170308027
-0.4012233056575294,4.058583641700097
2.0004109623860735,32.249287578780304
-4.166748425813935,45.41110817064144
3.8996377225308514,64.06685780495452
7.20244794378409,164.83402164940605
5.597019777866997,109.93840922849459
-9.207623493032857,239.1822016032577
-0.38986105484342204,6.929332036973449
-7.901396431636503,172.79813455802758
-5.159099682749451,73.21600328742089
9.733251865342929,316.9355510677058
-7.150089141969735,139.7035035580189
-0.02223693097287871,-11.108761426035272
2.3631146863623815,43.9750014774837
4.049299410882078,76.10361676557886
1.192973669738283,-1.2671210815131442
-9.804583051616326,280.6774583973456
-3.4707738351201627,29.167517667910417
0.354232867694229,8.719780662363686
-8.242670017103332,195.28172828849102
-2.987461375816385,23.4557756611882
-9.33593782417267,239.96967286624442
-8.428430056899586,194.3530290351833
-2.061534475968079,4.464785080066365
-7.345684919138793,143.86766887320724
1.3508169652311626,12.503970450637757
3.7892993827453143,48.497368310605175
6.011733982181656,132.26682503904266
-5.996995115103799,115.77032255488814
-6.650348354818605,118.58017059797795
-7.908643193311995,179.2166700960902
2.728604990872734,37.78991667342158
4.129514529738023,69.13772252262112
-9.36827710348716,250.3168461353518
8.724244924873798,258.2126625609035
-8.960574326970551,232.77701768035672
0.8259267060214093,-3.6783060400720338
4.181210389018329,74.50154237363381
7.419382474921711,193.85338225003707
4.2817386426485555,60.930473655360984
6.034561661395838,126.69630501283316
-3.210996149143879,36.3427864392734
6.296502274930244,134.4376890486721
-8.397703072306497,210.49862500492503
7.896333121210553,231.48762147199508
0.9518475230747256,1.7618758413500988
6.345955399249874,124.69491455476789
-0.9536343096339976,8.859172526314095
2.871553903930499,42.69619832865789
0.5280532187222633,4.583963304405664
4.6317904351066375,93.15663540765962
-8.367400359388208,184.9193076068608
-8.792958320188724,226.291617651667
-5.057935319797071,65.57365025056903
-6.809106397736233,147.667356073678
7.435671331844034,205.66412066099096
-5.615720252839114,80.7109354909305
9.517305116382627,290.2763289086482
-3.262084164577863,38.995289831011256
-6.357641686226014,109.67223356096909
5.793970142849583,116.84409815507402
3.1741555100175223,41.82798483078294
-0.03608567093722037,-14.264996376910036
1.1072710187526251,10.754311903471306
4.384035565445277,64.5300969075161
-5.4309051733740255,77.69115443579648
9.926678321134837,334.9065041508228
9.495863242935663,281.94091372868854
3.0065137269387385,46.26245369217044
-6.009150981417097,98.52175528624589
3.6045648486258273,48.390191256140106
-8.556031820416482,215.4086968556223
-9.386949955883878,253.97110145672622
-4.846342229775726,71.47454453696655
-0.7475408652136739,14.863216910394488
7.365450108167611,179.16738227222078
4.543381395326161,69.89133895576249
4.854130423999621,74.54450210201747
-1.490133311038493,0.4271199321330883
-3.0813001490607412,56.81157578077101
-2.5792247403079465,32.245547109801755
9.752991274721158,296.3577553017232
-9.19781617175035,227.17925507700042
7.340629922448972,186.15446343714245
1.5735081714478678,21.047448213515043
-1.2276916162081903,12.555135234280899
4.50515320830273,72.34996477190963
-0.26662117150594256,3.425475604244716
7.468464761633211,190.54962245213105
8.014037280225171,214.5613852099002
-1.5655814625308917,-12.971030705076036
-4.463444055298968,53.54211408800122
1.8470065718672437,10.414248630693715
8.24726691233382,227.2988825835815
-5.786756219886668,123.73872023145188
2.4593316712696556,31.73841680521235
2.631204401850411,27.89682175492778
4.66226044830562,88.75255337988851
-7.368646297454804,157.98043104816568
4.316499293641771,73.73044194783166
8.180650413312819,228.1989303132879
-6.406337822595161,135.87625289474502
-5.249133501522447,65.85305619411186
9.427901880832792,295.24812615361157
-6.380460945810205,105.10611245159195
7.0877018673915835,175.43708348128408
-0.1544428710393042,-4.424193055694962
-5.055378511936459,67.38613053692289
7.4149980254502275,181.8256840608137
-1.0938948999466902,16.160195549941847
0.29634707859380427,15.040703369584994
-2.8153326120046867,10.690454160178176
1.859017028698549,19.63520810636913
-6.729522548299545,120.30457754012518
-2.1783692669647863,2.294090349087183
9.38824644670575,286.0238364214173
-4.837331345977449,62.4398330758149
3.134733290825844,65.01628985894239
-3.496198715506102,39.007417197514314
5.469462513732013,91.90781058728079
-7.3825267856330035,148.09231160879085
9.396420901570895,298.884852035871
-0.924209172327215,26.598497166686087
-5.278990733070721,62.18541489101861
-8.530065053399747,187.42665548750495
-6.604841898249186,141.3717774598232
0.3954789711203528,10.156310565744983
-3.2599364713742744,21.678757130676253
6.577667317652189,153.29874752165796
-1.3822495267638821,-18.390135180979613
-5.025714548247402,70.75574613087356
2.3428997320806015,29.43154865634212
4.135544337708916,73.82197097826497
-6.659161841981003,114.57602610620009
-6.647615674233647,125.13402272251687
-9.266571461329141,234.82065076050495
4.728040301312809,84.07301343188317
3.276090552436102,34.79702580452522
-0.5073824850037223,0.6765375966560061
6.883408979383944,150.9526215432561
6.113403059001065,135.85925942164943
1.7070872879350425,25.741126768324992
7.365425610265174,180.1331287820065
-5.8831757992646345,97.45130080623022
-7.7616076120454425,155.71852879965894
-4.605007769660208,56.41150765650436
-8.858262878213703,222.18789173177186
0.6233905600206402,33.62055940130958
8.732113845899228,240.09399408729183
-9.213129186629807,255.86076224285483
-7.557801719799464,171.21408480247035
-0.956019434331294,8.636244652696158
8.677500350558098,265.83824254487524
-3.67687790046499,41.925592209922144
0.14469617376784782,9.243795252324148
-9.168542818992158,238.31824010291822
-7.033135980758223,151.5644220341776
9.732602459176938,319.60054914159366
9.302373928720911,276.95045711171923
-9.901200381311808,266.106434264056
9.03623570846478,266.0033323797749
2.782398756310007,25.789640385989976
7.358365890400442,181.51813176567344
-0.9052028873228188,18.022152373848456
0.31192057158500575,1.3427079212358617
-0.22306839486159546,4.2749079235194465
3.337285150922087,45.667214185623294
-7.206974904873742,154.89182085074498
-9.400528202546441,228.83984171567417
-3.8414011681761817,35.51928352059066
4.093615254732935,65.57312499360717
-5.962930957541033,111.74456446239022
3.4686486664983462,43.11284357273691
9.398240922145408,270.01175207593786
-8.121985684211632,192.85309745485415
3.4520423645025247,41.3002502997093
-1.1249956139085775,-5.349812424780158
7.362845087550106,176.11669962775014
-6.457004211052282,115.31944814597765
3.852519044523291,51.18330040890841
6.762305792962206,133.65528992752434
8.892284389480466,268.97339573802617
3.664960565792917,65.37447939082448
-0.05650471983145344,11.411788823821844
2.356944804024277,15.0025993314515
7.378099689574363,181.05034912756548
1.4121949327765932,13.742060297738266
-9.392258806063262,256.8470027237112
8.618973910139555,251.78148649845892
3.790535020631223,48.34379928137273
3.5302677155449302,50.26886142548192
-5.6864969520456565,95.20855289893473
3.177709404653143,56.20715321203705
-2.1227118869168304,21.317358888987602
3.024659540829841,46.38558196921383
-7.868139393840186,175.82484005431266
3.156906092060721,55.31657185842676
9.98827451541333,328.37106037618787
-9.03575922278888,223.2524366493294
9.543483684426345,311.3549095748402
-1.8618407855425883,18.654704486434625
7.415069006745185,180.3494429265846
5.64770968116547,107.19036361652901
1.340325219733355,16.035820974834127
4.768984185026531,87.39944679382839
7.570311226026959,194.04238128509536
-1.917193566979341,15.305593120271075
-3.459336768735226,50.98193284686378
3.3518677112716944,56.12421840648948
6.15691883882517,132.94314235394145
5.245702695532316,107.45670150848449
5.95627297717269,113.01887025486283
-1.2883337037413405,11.38201428857305
6.356684323500431,157.02873891024035
-7.595818892587831,160.71729720788326
0.8897819592169913,0.6783604370872176
-9.884826790037568,271.8388595411275
-3.5082834019945945,24.011260108719224
-2.670769302572042,13.209868316262337
-2.076546167814892,10.077958639670069
3.9093441337972443,44.61193274517285
-2.2288379745930857,15.601663541274485
-1.026127547549386,15.129329874286853
-5.24911738251345,68.08390331971846
-2.5349641674131984,34.40104089179796
-5.454607454736971,88.45693343161841
-8.536081524631127,216.8277061924249
2.0689718676275586,15.401531963836552
3.3642559711003255,54.22841893011939
2.3898069201922905,15.993806183828333
-0.7301191239885529,14.041458566029418
-2.404284396415404,19.251574981644254
7.266672991436504,183.4794672761391
